name,code,roe,pbr,per
넷마블게임즈,251270,2.85,8.44,55.72
크라운제과,264900,2.43,1.52,19.3
덴티움,145720,3.64,6.52,22.73
핸즈코퍼레이션,143210,2.07,0.66,4.37
두산밥캣,241560,1.3,1.04,19.59
JW생명과학,234080,5.28,2.81,16.74
화승엔터프라이즈,241590,2.92,2.59,11.94
LS전선아시아,229640,2.92,1.54,14.2
샘표식품,248170,2.9,1.68,30.26
두올,016740,2.2,0.7,6.51
동서,026960,3.39,2.6,25.75
한국자산신탁,123890,6.5,2.1,11.12
한국토지신탁,034830,4.92,1.54,10.4
해성디에스,195870,4.17,2.1,16.95
용평리조트,070960,1.54,1.56,39.66
대림씨엔에스,004440,1.86,0.75,5.57
코리아오토글라스,152330,4.94,1.45,9.57
잇츠한불,226320,3.22,2.23,13.26
세진중공업,075580,1.45,1.01,11.34
제주항공,089590,6.22,3.83,19.46
현대코퍼레이션홀딩스,227840,1.49,0.76,22.13
동일제강,002690,1.11,0.42,11.62
아이콘트롤스,039570,3.08,1.48,13.79
AJ네트웍스,095570,1.84,1.25,25.87
이노션,214320,1.55,1.91,19.13
경보제약,214390,2.71,2.5,25.52
SK디앤디,210980,4.2,2.65,20.49
엔에스쇼핑,138250,4.54,1.51,11.39
한솔제지,213500,4.11,0.9,8.26
디와이파워,210540,6.57,1.73,18.16
삼성물산,028260,1.13,1.2,237.08
우리은행,000030,3.12,0.55,8.92
삼성에스디에스,018260,1.75,2.36,26.19
만도,204320,2.28,1.64,12.07
서연이화,200880,2.25,0.63,4.58
쿠쿠전자,192400,3.58,2.16,18.07
광주은행,192530,2.87,0.45,6.45
BGF리테일,027410,3.49,5.95,29.97
코스맥스,192820,1.66,5.31,29.72
종근당,185750,3.2,3.08,26.65
JB금융지주,175330,2.07,0.42,6.78
DSR,155660,2.47,0.78,9.63
지엠비코리아,013870,2.04,0.48,5.64
CJ헬로비전,037560,1.01,0.71,31.8
한국콜마,161890,5.48,5.68,28.86
한국타이어,161390,2.84,1.32,9
애경유화,161000,5.58,2.02,9.62
AJ렌터카,068400,1.42,1.3,38.19
사조씨푸드,014710,2.76,0.65,15.76
GS리테일,007070,1.17,1.97,14.26
하나투어,039130,2.8,5.36,132.51
에이블씨엔씨,078520,1.47,2.16,24.09
삼원강재,023000,1.37,0.8,10.68
신세계인터내셔날,031430,1.35,1.07,29.44
한국항공우주,047810,2.66,4.03,21.12
엠케이트렌드,069640,2.34,1.13,34.68
코오롱플라스틱,138490,1.73,1.59,14.2
이마트,139480,1.69,0.81,16.49
DGB금융지주,139130,2.45,0.54,6.87
케이티스카이라이프,053210,3.34,1.43,11.35
세아특수강,019440,2.52,0.62,7.95
메리츠금융지주,138040,5.82,1.14,8.06
BNK금융지주,138930,2.46,0.51,6.79
일진머티리얼즈,020150,3.68,3.71,27.02
선진,136490,8.64,1.71,10.12
미원화학,134380,3.53,1.7,11.28
팀스,134790,1.49,1.93,370.15
대성에너지,117580,5.55,0.62,12.91
현대에이치씨엔,126560,1.89,0.74,10.06
케이티스,058860,1.87,0.77,12.4
한전산업,130660,10.01,2.32,11.49
코라오홀딩스,900140,2.72,0.68,6.95
휠라코리아,081660,1.11,1.09,2.89
현대홈쇼핑,057050,3.19,1.05,12
아이마켓코리아,122900,1.64,1.23,18.91
한미약품,128940,2.86,6.8,192.68
무학,033920,6.3,1.37,11.1
이연제약,102460,2.43,2.03,33.26
한국화장품,123690,11.7,5.24,19.95
한라홀딩스,060980,1.5,0.75,9.29
삼성생명,032830,2.18,0.76,11.05
신세계푸드,031440,1.19,2.08,43.36
한화생명,088350,3.06,0.59,7.36
조선선재,120030,4.61,1.11,6.96
코오롱인더,120110,1.31,1.02,11.88
KC코트렐,119650,4.47,1.17,82.67
지역난방공사,071320,4.59,0.49,7.04
락앤락,115390,1.3,1.19,17.33
GKL,114090,3.5,2.69,12.2
SK,034730,4.51,1.17,25.29
황금에스티,032560,3.93,0.63,6.03
동양생명,082640,5.73,0.56,88.39
키움증권,039490,4.81,1.6,11.09
영원무역,111770,2.54,1.24,14.12
아주캐피탈,033660,2.54,0.59,8.88
한미글로벌,053690,3.2,1.15,13.19
동아지질,028100,3.29,1.02,13.6
LG하우시스,108670,1.38,1.19,14.91
한세실업,105630,2.46,2.46,23.85
미원홀딩스,107590,4.96,2.91,19.85
NAVER,035420,5.6,6.79,37.26
KB금융,105560,2.79,0.69,9.87
풍산,103140,4.54,0.89,8.01
LG이노텍,011070,2.05,2.13,765.55
동성코퍼레이션,102260,2,0.94,7.72
LG유플러스,032640,2.75,1.51,14.75
아시아나항공,020560,10.55,1.39,24.02
진양홀딩스,100250,1.03,0.61,11.44
한전KPS,051600,3.72,2.73,24.39
KSS해운,044450,1.06,0.87,15.6
효성 ITX,094280,6.1,3.99,29.71
유나이티드,033270,2.75,1.74,17.28
CJ제일제당,097950,2.43,1.52,19.3
팬오션,028670,1.31,1.06,27.45
SK이노베이션,096770,4.94,0.85,8.72
삼성카드,029780,1.71,0.65,13.01
알루코,001780,3.5,1.69,14.22
웅진씽크빅,095720,2.03,0.97,11.94
후성,093370,7.98,6.19,14.42
LF,093050,1.93,0.84,17.15
인천도시가스,034590,3,0.78,15.78
삼정펄프,009770,2.09,0.65,6.01
KPX홀딩스,092230,1.04,0.47,9.49
현대EP,089470,2.92,0.95,4.98
아모레퍼시픽,090430,5.62,5.4,32.77
신세계I&C,035510,1.16,0.86,56.15
진도,088790,4.4,0.8,9.16
현대글로비스,086280,7.01,1.66,11.38
하나금융지주,086790,2.18,0.55,9.23
제일연마,001560,1.86,0.67,13.43
현대리바트,079430,2.57,1.44,12.36
대한제강,084010,1.68,0.58,7
새론오토모티브,075180,1.32,0.7,6.69
대상홀딩스,084690,2.04,0.86,14.92
동양고속,084670,1.08,0.76,14.42
동일산업,004890,2,0.5,13.13
삼호개발,010960,6.15,0.83,7.67
일진다이아,081000,1.88,1.14,20.68
유니드,014830,1.87,0.7,8.87
상신브레이크,041650,2.95,0.91,7.89
사조해표,079660,5.42,0.64,72.12
인팩,023810,2.5,0.61,6.97
GS,078930,5.71,0.88,7.59
유니퀘스트,077500,2.7,1.08,45.75
동아에스텍,058730,3.02,1.04,8.53
LG디스플레이,034220,4.85,0.99,14.19
NICE,034310,2.12,1.2,12.51
대교,019680,2.01,1.13,20.12
기업은행,024110,2.42,0.5,7.72
이엔쓰리,074610,1.27,5.87,37.12
강원랜드,035250,4.03,2.18,16.49
한국금융지주,071050,4.28,1.13,14.38
하이스틸,071090,3.47,0.4,12.83
DSR제강,069730,1.58,0.68,9.9
태경화학,006890,1.69,0.64,16.11
한농화성,011500,1.12,0.81,9.63
현대백화점,069960,2.76,0.68,9.38
휴켐스,069260,6.06,2.04,24.69
포스코강판,058430,4.26,1.1,7.23
삼성출판사,068290,1.52,1.23,18.48
세이브존I&C,067830,2.01,0.55,7.94
교보증권,030610,2.43,0.5,6.15
한샘,009240,6.01,6.18,34.14
신세계건설,034300,4.3,1.05,3.54
LG전자,066570,6.54,1.28,200.71
한국콜마홀딩스,024720,3.1,2.16,14.99
광주신세계,037710,2.12,0.77,8.97
필룩스,033180,1.82,1.31,17.71
종근당바이오,063160,1.61,0.87,12.67
신한지주,055550,3.2,0.74,8.38
코웨이,021240,6.96,6.29,32.05
세아홀딩스,058650,1.75,0.36,6.86
LG생활건강,051900,6.95,6.42,30.28
LG화학,051910,3.7,1.41,15.72
포스코대우,047050,3.47,1.01,22.88
두산인프라코어,042670,2.58,0.84,27.44
동원F&B,049770,4.18,1.63,16.98
한국내화,010040,1.27,0.61,12.29
한세예스24홀딩스,016450,4.16,1.65,28.22
대성홀딩스,016710,4.83,0.4,10.96
대원제약,003220,2.05,2.2,17.85
팜스코,036580,5.77,1.63,18.09
케이티앤지,033780,3.39,2.15,13.38
현대중공업,009540,3.02,0.72,24.33
디씨엠,024090,3.79,0.91,8.43
AK홀딩스,006840,3.77,1.53,13.54
대한유화,006650,5.85,1.14,5.68
백산,035150,4.55,1.73,9.88
케이티,030200,1.75,0.69,11.88
하이트론씨스템즈,019490,1.56,0.52,8.93
제일기획,030000,2.26,2.38,23.34
디피씨,026890,1.66,1.19,13.23
케이씨텍,029460,5.78,2.31,16.19
대원화성,024890,1.59,1.39,13.77
SK가스,018670,2.02,0.81,6.84
다우기술,023590,3.45,1,9.87
영보화학,014440,1.03,0.82,8.7
SKC,011790,1.6,0.84,28.52
부산도시가스,015350,3.84,0.69,8.37
인지컨트롤스,023800,1.27,0.4,8.16
경동인베스트,012320,2.27,0.35,11.01
SK하이닉스,000660,7.72,1.88,15.8
MH에탄올,023150,3.06,0.93,7.45
예스코,015360,3.08,0.32,6.67
퍼시스,016800,1.54,0.83,16.12
동원수산,030720,8.17,1.06,41.32
KB캐피탈,021960,2.54,0.75,6.25
한국단자공업,025540,2.47,1.2,10.97
현대산업개발,012630,3.81,1.31,11.5
한온시스템,018880,3.85,3.13,19.56
한섬,020000,2.79,0.83,14.57
현대엘리베이터,017800,3.51,1.93,11.67
환인제약,016580,3.34,1.29,21.03
계룡건설산업,013580,1.25,0.56,9.79
서원,021050,3.67,0.88,12.73
에스원,012750,3.65,3.04,26.77
태경산업,015890,1.01,0.84,60.36
남해화학,025860,2.08,1.29,36.64
동원금속,018500,3.55,1.88,438.12
서울도시가스,017390,2.45,0.37,18.1
이구산업,025820,2.4,0.79,17.7
나라케이아이씨,007460,2.47,1.18,16.66
에넥스,011090,2.57,2.17,73.87
제이준코스메틱,025620,12.5,4.01,18.58
한국카본,017960,2.35,0.84,17.04
KPX케미칼,025000,1.43,0.71,9.17
KC그린홀딩스,009440,1.73,1,34.28
문배철강,008420,5.04,0.65,9.07
오뚜기,007310,3.15,2.71,20.74
한라,014790,2.41,0.69,21.77
LS산전,010120,1.81,1.52,20.56
대양금속,009190,25.5,7.02,25.11
동원시스템즈,014820,6.4,4.9,22.94
경동나비엔,009450,2.48,2.19,14.13
삼광글라스,005090,3.17,1.06,16.77
대림비앤코,005750,1.38,0.98,18.28
대한해운,005880,3.91,1.34,27.25
메리츠종금증권,008560,4.3,1.13,9.12
수산중공업,017550,1.2,0.98,33.92
롯데케미칼,011170,6.68,1.17,6.06
세아베스틸,001430,1.56,0.55,10.92
화승알앤에이,013520,1.15,0.66,3.96
화승인더스트리,006060,3.56,2.41,12.56
고려산업,002140,2.36,0.83,10.29
대현,016090,2.51,0.87,3.07
부산산업,011390,1.87,0.98,8.26
고려아연,010130,3.03,1.37,13.66
우리들제약,004720,1.72,2.43,24.39
HMC투자증권,001500,1.31,0.45,9.26
무림페이퍼,009200,2.22,0.3,556
금비,008870,2.5,0.79,9.37
원림,005820,1.71,0.56,7.76
서흥,008490,2.19,1.64,15.51
영화금속,012280,1.88,1.17,8.92
유니켐,011330,1.95,2.88,46
대창,012800,2.93,0.61,11.53
일성건설,013360,1.22,0.7,32.44
까뮤이앤씨,013700,1.86,0.92,14.77
광동제약,009290,1.68,0.97,16.64
KISCO홀딩스,001940,1.5,0.3,5.87
한국특수형강,007280,3.56,0.64,4.02
한솔로지스틱스,009180,3.18,0.98,11.86
삼양통상,002170,2.8,0.62,6.76
SK텔레콤,017670,3.71,1.13,12.29
진양폴리우레탄,010640,6.02,1.31,3.31
미창석유공업,003650,1.04,0.62,4.96
삼익THK,004380,5.32,2.31,22.68
서연,007860,1.16,0.43,3.18
현대모비스,012330,2.67,0.84,8.11
KG케미칼,001390,2.06,0.76,12.85
대우부품,009320,2.22,2.15,29.54
현대해상,001450,4.12,1.08,8.39
현대그린푸드,005440,2.36,1.03,18.33
한국전력공사,015760,1.21,0.37,3.79
국도화학,007690,1.29,0.73,12.16
윌비스,008600,2.74,0.86,35.51
대창단조,015230,1.29,0.76,8.49
사조산업,007160,2.67,1.18,15.15
한익스프레스,014130,3.43,1.39,14.51
사조동아원,008040,4.27,1.84,24.93
한솔피엔에스,010420,2.25,1.32,69.03
디와이,013570,2.35,0.59,13.63
한솔케미칼,014680,5.47,2.96,15.24
동원산업,006040,3.64,1.37,14.51
대덕전자,008060,1.5,0.96,22.55
CJ씨푸드,011150,2.58,2.19,22.45
에스엘,005850,3.29,0.79,6.48
영원무역홀딩스,009970,2.03,0.8,11.68
더존비즈온,012510,5.06,5.88,31.82
이건산업,008250,1.85,0.63,159.56
모나리자,012690,2.2,3.11,39.19
유성기업,002920,1.75,0.42,12.81
한일철강,002220,3.16,0.33,10.89
화성산업,002460,2.16,0.58,5.53
동아타이어공업,007340,2.5,0.74,8.21
금강공업,014280,2.68,0.7,6.56
율촌화학,008730,1.75,1.06,16.29
한국쉘석유,002960,6.71,5.52,19.73
부광약품,003000,2.74,4.4,61.83
풍산홀딩스,005810,3.67,0.55,6.86
부국증권,001270,3.11,0.5,11.15
계양전기,012200,1.09,1.06,10.96
한미사이언스,008930,1.03,8.46,704.72
삼진제약,005500,5.06,2.48,15.55
포스코,005490,2.01,0.51,17.2
동국제강,001230,1.86,0.54,19.6
대원전선,006340,1.48,1.18,48.04
삼성증권,016360,1.4,0.81,17.84
삼영무역,002810,2.74,1.1,12.95
금호석유화학,011780,4.17,1.25,33.2
한창제지,009460,4.79,1.2,4.39
넥센,005720,1.86,0.6,4.99
삼성공조,006660,2.06,0.53,13.66
세방전지,004490,1.56,0.64,8.61
참엔지니어링,009310,7.36,3.03,22.75
코스모신소재,005070,3.55,1.94,71.85
신영증권,001720,1.84,0.46,14.37
유진증권,001200,1.98,0.56,8.12
대덕GDS,004130,1.01,0.88,43.6
한신기계공업,011700,1.75,1.9,24.37
가온전선,000500,1.01,0.39,28.21
S-Oil,010950,6.3,1.69,8.99
현대제철,004020,2.07,0.47,9.29
현대비앤지스틸,004560,3.14,0.56,8.82
사조오양,006090,3.41,1.11,12.54
삼화전기,009470,12.86,2.16,61.44
SK증권,001510,2.27,1.38,52.29
아이에스동서,010780,4.1,1.56,6.23
SH에너지화학,002360,2.02,1.72,9.88
대한화섬,003830,1.46,0.33,10.04
OCI,010060,1.07,0.69,9.13
삼일제약,000520,1.14,0.83,53.29
TCC동양,002710,1.13,0.51,3.3
F&F,007700,5.2,1.94,14.52
현대미포조선,010620,1.47,1.08,67.09
동부건설,005960,1.29,1.26,2.41
남선알미늄,008350,5.18,1.21,7.24
한국화장품제조,003350,5.4,2.3,13.15
삼호,001880,6.54,1.18,4.05
현대종합상사,011760,1.59,0.61,33.8
LS,006260,3.89,0.81,13.61
경농,002100,10.4,0.64,20.27
티웨이홀딩스,004870,20.13,5.68,80.98
동방아그로,007590,8.5,0.67,16.82
송원산업,004430,2.33,1.4,11.57
한국석유공업,004090,1.53,0.51,6.05
대원강업,000430,1.14,0.66,7.69
조광피혁,004700,2.61,0.7,12.02
조비,001550,3.02,1.52,60.75
조광페인트,004910,1.44,0.59,7.24
삼천리,004690,3.48,0.36,14.61
성보화학,003080,4.49,0.85,1.81
조흥,002600,4.43,1.64,22.83
사조대림,003960,3.55,0.78,20.84
한신공영,004960,6.57,0.78,7.62
KB손해보험,002550,4.05,0.84,6.18
농심,004370,1.67,1.13,10.7
종근당홀딩스,001630,4.73,0.98,11.97
크라운해태홀딩스,005740,67.29,1.33,11.24
SK케미칼,006120,1.49,1.18,25.8
샘표,007540,2.56,0.53,97.67
GS글로벌,001250,2.82,0.88,11.1
금호산업,002990,10.82,1.17,10.09
삼부토건,001470,1.43,0.42,0.19
삼화콘덴서공업,001820,6.26,3.54,33.67
한화,000880,6,0.94,7.43
영풍,000670,1.93,0.66,11.81
한창,005110,1.03,1.44,14.15
삼화왕관,004450,2.03,0.71,10.66
고려제강,002240,1.11,0.49,16.85
넥센타이어,002350,2.45,1.14,7.93
동화약품,000020,1.36,0.93,9.01
대림산업,000210,2.98,0.71,12.29
LG상사,001120,3.72,0.95,20.37
국제약품,002720,1.1,1.08,100.11
태광산업,003240,1.63,0.36,85.51
동부하이텍,000990,7.93,2.78,11.06
강남제비스코,000860,1.34,0.55,7.35
대신증권,003540,1.38,0.52,15.18
NH투자증권,005940,1.92,0.91,17.88
미래에셋대우,006800,1.66,0.78,86.96
삼성화재해상보험,000810,4.47,1.09,16.59
삼양식품,003230,5.41,2.12,20.26
한화손해보험,000370,4.2,0.78,6.2
NI스틸,008260,3.49,1.44,12.22
오리온,001800,17.98,2.64,20.19
깨끗한나라,004540,2.78,0.98,27.29
코오롱,002020,1.81,1.69,49.45
삼성전자,005930,4.05,1.8,17.51
쌍용양회공업,003410,3.37,0.82,7.38
SPC삼립,005610,3.68,5.46,33.38
흥국화재,000540,1.98,0.58,10.14
우리종금,010050,2.42,2.01,14.6
현대자동차,005380,1.99,0.66,8.74
모나미,005360,3.1,1.01,13.33
한화케미칼,009830,5.98,0.94,6.63
롯데제과,004990,1.3,1.16,40.62
서울식품공업,004410,1.36,2.23,200
기아자동차,000270,2.89,0.59,5.77
효성,004800,4.41,1.52,12.72
CJ,001040,1.64,1.47,27.19
동부화재해상보험,005830,4.14,1.04,9.29
대웅,003090,2.61,1.09,36.07
동양물산기업,002900,1.48,1.02,36.96
진양산업,003780,2.26,1.36,36.02
영진약품공업,003520,1.4,18.65,464.58
롯데푸드,002270,1.14,0.94,15.16
아모레퍼시픽그룹,002790,3.7,3.94,34.8
제주은행,006220,2.46,0.52,6.97
롯데손해보험,000400,3.58,0.82,14.24
대한제분,001130,3.69,0.45,11.31
대상,001680,2.87,1.14,14.97
LG,003550,5.3,1,12.94
코리안리,003690,1.88,0.66,9.06
한국주철관공업,000970,2.27,0.99,19.39
엔피씨,004250,3.36,1.12,6.77
한국유리공업,002000,1.02,0.59,13.05
세아제강,003030,1.32,0.42,8.43
대한제당,001790,1.42,0.55,11.58
한국타이어월드와이드,000240,1.55,0.72,7.81
유한양행,000100,1.97,1.67,17.16
메리츠화재,000060,6.61,1.32,9.03
하나머티리얼즈,166090,6.96,3.34,15.49
AP시스템,265520,5.87,4.93,19.13
이엘피,063760,12.67,4.14,9.97
서진시스템,178320,2.74,2.37,7.54
코미코,183300,6.89,4.42,15.91
에스디생명공학,217480,4.34,5,11.88
에프엔에스테크,083500,1.32,3.18,8.96
서플러스글로벌,140070,4.94,1.67,6.54
퓨전데이타,195440,1.98,3.23,47.74
DSC인베스트먼트,241520,4.64,5.79,67.95
티에스인베스트먼트,246690,1.73,3.27,50.58
마이크로프랜드,147760,2.22,2.74,20.28
현성바이탈,204990,2.55,3.87,23.76
오션브릿지,241790,4.94,3.69,13.16
뉴파워프라즈마,144960,5.45,2.38,16.86
에이치엔티,176440,2.1,1.18,7.55
클리오,237880,3.1,4.96,28.98
오가닉티코스메틱,900300,3.64,1.25,5.27
인크로스,216050,1.71,2.85,19.27
에이치엘사이언스,239610,2.78,2.47,16.85
코스메카코리아,241710,3.3,3.46,25.17
GRT,900290,3.52,1.08,2.67
골든센츄리,900280,4.61,1.24,5.4
앤디포스,238090,2.5,2.08,9.45
수산아이앤티,050960,1.61,0.96,10.02
미투온,201490,1.66,6.24,74.84
유니테크노,241690,5.43,1.96,1.06
자이글,234920,2.29,1.38,9.24
헝셩그룹,900270,2.93,1.17,6.69
에코마케팅,230360,2.56,1.98,18.99
팍스넷,038160,1.13,1.67,16.81
우리손에프앤지,073560,4.3,1.26,11.14
피앤씨테크,237750,1.55,1.38,11.33
로스웰,900260,1.78,1.22,6.3
녹십자랩셀,144510,1.74,5.84,109.47
에스티팜,237690,4.27,2.5,11.28
알엔투테크놀로지,148250,3.95,2.69,43.51
휴온스,243070,9.94,3.71,22.54
원익IPS,240810,10.77,5.49,52.81
레이언스,228850,1.74,1.74,18.69
씨엠에스에듀,225330,9.58,3.03,16
동양파일,228340,3.75,1.04,4.98
안트로젠,065660,1.82,5.03,459
유니트론텍,142210,1.56,2.51,11.03
크리스탈신소재,900250,2.68,0.92,7.06
한솔씨앤피,221610,1.95,1.27,8.38
휴젤,145020,6.98,6.29,36.94
한국맥널티,222980,2.56,2.37,23.82
보광산업,225530,1.34,4.99,26.62
예스티,122640,11.42,4.05,68.14
미래테크놀로지,213090,2.09,1.18,13.64
리드,197210,6.44,5.27,202.22
케이디켐,221980,1.37,1.06,8.25
네오오토,212560,2.79,1.02,8.9
더블유게임즈,192080,2.94,2.56,21.57
엑시콘,092870,1.67,1.28,17.38
타이거일렉,219130,2.09,1.1,43.29
인포마크,175140,3.93,2.12,54.55
해마로푸드서비스,220630,6.47,5.18,24.26
에이텍티앤,224110,1.23,1.37,55.29
심텍,222800,1.41,1.42,8.56
쎄노텍,222420,3.16,4.41,50.82
아시아경제,127710,7.67,1.4,15.91
아이쓰리시스템,214430,2.2,2.67,20.18
로지시스,067730,1.86,2.65,74.76
파마리서치프로덕트,214450,2.69,2.23,27.74
민앤지,214180,5.18,3.44,21.83
베셀,177350,1.02,1.7,17.02
싸이맥스,160980,7.1,1.95,18.19
제노포커스,187420,1.11,3.38,112.64
우리산업,215360,2.18,4.56,23.18
골프존,215000,8.74,3.22,10.63
덕산네오룩스,213420,3.28,5.56,128.97
국일신동,060480,1.82,0.96,104.43
바디텍메드,206640,2.79,5.78,34.65
휴메딕스,200670,2.16,2.6,28.12
디티앤씨,187220,1.6,1.37,40.58
비씨월드제약,200780,2.65,2.22,26.39
미스터블루,207760,4.04,3.05,19.97
SKC코오롱PI,178920,3.72,2.76,30.04
테고사이언스,191420,1.08,12.83,432.69
슈피겐코리아,192440,1.86,1.38,6.98
영우디에스피,143540,3.35,2.71,8.97
메디아나,041920,1.96,2.84,15.38
신화콘텍,187270,6.97,1.63,162.27
파버나인,177830,2.75,1.25,18.87
아진엑스텍,059120,4.66,2.42,59.07
콜마비앤에이치,200130,6.77,4.88,20.87
인터파크,108790,3.56,2.31,161.97
한국정보인증,053300,2.62,2.92,31.65
현대공업,170030,3.45,0.87,5.36
엔브이에이치코리아,067570,4.23,0.67,3.34
테스나,131970,2.04,2.25,182.41
지엔씨에너지,119850,2.57,1.31,12.31
GH신소재,130500,1.29,1.04,12.98
KG ETS,151860,2.88,1.05,29.64
나스미디어,089600,5.45,4.57,36.23
아이원스,114810,1.77,2.02,61.25
아이센스,099190,1.57,2.56,21.84
SBI액시즈,950110,3.74,3,20.95
와이엠씨,155650,6.16,3.29,18.87
아바텍,149950,3.45,0.96,14.9
피엔티,137400,1.01,1.84,35.96
사람인에이치알,143240,3.54,2.84,21.21
제룡산업,147830,1.26,1.89,9.91
남화토건,091590,1.14,0.61,13.05
원익머트리얼즈,104830,2.66,2.24,30.83
나이스디앤비,130580,2.84,3.03,18.11
신진에스엠,138070,2.64,1.36,83.57
이엠넷,123570,2.97,1.25,21.69
와이지엔터테인먼트,122870,2.56,1.95,28.2
쎄미시스코,136510,1.21,1.91,33.64
테크윙,089030,10.65,2.16,15.5
씨큐브,101240,1.52,1.33,13.42
테라세미콘,123100,12.08,2.75,15.44
케이맥,043290,1.79,2.2,13.19
로보스타,090360,6.65,4.04,26.22
피앤이솔루션,131390,2.2,2.33,22.33
아이씨디,040910,6.93,2,22.26
옵티시스,109080,1.21,1.13,17.54
대양전기공업,108380,1.66,0.75,8.03
완리,900180,1.54,0.33,4.6
KMH,122450,4.48,1.03,5.29
윈스,136540,5.06,1.51,15.49
하림,136480,2.13,1.34,14.68
이퓨쳐,134060,1.11,1.66,160.26
티케이케미칼,104480,3.65,0.86,29
부스타,008470,1.53,0.87,9.12
케이아이엔엑스,093320,2.17,1.27,12.06
딜리,131180,1.69,1.28,17.45
엘비세미콘,061970,1.77,1.42,9.9
다나와,119860,6.25,1.9,14.07
대정화금,120240,1.28,0.92,10.53
피제이메탈,128660,5.59,1.46,22.22
디에이치피코리아,131030,4.87,2.17,14.41
한국전자인증,041460,3.18,3.82,29.2
코프라,126600,1.83,1.53,10.89
선데이토즈,123420,4.15,1.57,12.74
누리플랜,069140,3.65,1.47,13.37
CJ E&M,130960,2.12,1.92,47.85
포메탈,119500,1.81,1.23,26.66
다원시스,068240,1.38,2.72,52.72
와이솔,122990,2.36,2.15,10.83
화신정공,126640,1.52,0.7,15.67
코리아에프티,123410,1.03,1.24,13.18
이글루시큐리티,067920,10.92,1.47,16.01
인터로조,119610,5.04,4.26,20.08
처음앤씨,111820,1.01,1.7,472
실리콘웍스,108320,1.47,1.48,11.14
인피니트헬스케어,071200,2.14,2.53,24.88
삼기오토모티브,122350,3.59,1.01,8.97
인포바인,115310,3.77,0.89,7.89
모베이스,101330,1.52,0.7,4.58
지스마트글로벌,114570,2.3,3.09,19.93
아세아텍,050860,5.06,0.67,16.08
글로벌에스엠,900070,1.21,0.91,19.79
KPX생명과학,114450,2.76,1.15,15.8
에스앤씨엔진그룹,900080,1.46,0.31,4.26
비츠로셀,082920,3.54,2.62,16.74
한스바이오메드,042520,3.4,3.64,38.59
톱텍,108230,12.93,5.29,38.05
동국S&C,100130,1.79,1.46,24.75
게임빌,063080,1.41,1.63,13.13
동일금속,109860,1.06,0.59,17.71
어보브반도체,102120,1.31,1.74,20.85
차이나그레이트,900040,2.83,0.38,3.43
이엔에프테크놀로지,102710,2.78,1.8,11.83
해덕파워웨이,102210,1.06,0.57,38.99
흥국,010240,3.92,1.09,14.96
티플랙스,081150,1.39,0.56,26.27
뷰웍스,100120,2.84,5.1,20.91
대성파인텍,104040,1.14,1.48,15
유비쿼스홀딩스,078070,48.68,0.53,5.51
메디톡스,086900,11.18,20.18,53.74
엠게임,058630,3.4,3.36,24.39
이크레더블,092130,4.11,4.24,16.16
SIMPAC Metal,090730,2.05,0.42,11.84
세운메디칼,100700,3.25,2.39,21.13
월덱스,101160,3.94,1.37,105.92
쎄트렉아이,099320,1.16,3.31,41.84
테스,095610,10.28,3.63,15.81
예스24,053280,2.55,1.68,189.47
메타바이오메드,059210,1.16,1.68,138.79
효성오앤비,097870,4.58,1.27,14.93
에스코넥,096630,3.42,2.08,16.7
서원인텍,093920,1.18,1.33,11.48
디엔에프,092070,4.87,2.32,15.98
일진파워,094820,3.71,1.11,11.11
현우산업,092300,1.05,0.73,14.16
에스에너지,095910,1.15,1.02,36.85
성우전자,081580,2.72,0.77,6.01
오디텍,080520,1.42,0.85,10
ISC,095340,2.6,2.07,31.81
미래나노텍,095500,1.6,0.99,144.77
바이오톡스텍,086040,1.23,4.04,95.56
빅솔론,093190,2.43,0.94,8.83
S&K폴리텍,091340,1.61,0.82,15.4
갤럭시아컴즈,094480,3.72,3.54,51.75
컴투스,078340,5.7,2.36,10.17
동국제약,086450,3.42,2.36,13.95
참좋은레져,094850,3.78,2.38,22.21
코닉글로리,094860,5.06,3.11,55
이베스트투자증권,078020,1.84,1.06,18.27
매커스,093520,3.73,1.46,40.38
네오팜,092730,8.61,6.03,31.7
제이스텍,090470,13.22,5.62,26.97
동아엘텍,088130,2.11,2.21,10.31
휴온스글로벌,084110,1.4,1.24,0.73
케이씨티,089150,1.65,1.47,37.33
디에스티로봇,090710,4.8,9.25,109.57
유니테스트,086390,10.95,3.67,31.67
멀티캠퍼스,067280,2.54,2.73,16.3
이녹스,088390,1.41,3.85,86.99
바텍,043150,36.99,3,17.82
MDS테크,086960,1.98,1.89,19.11
한국전자금융,063570,2.9,2.08,16.91
팬엔터테인먼트,068050,1.69,1.13,67.16
인포뱅크,039290,1.78,1.66,54.78
동우팜투테이블,088910,3.7,0.71,7.91
제이브이엠,054950,1.72,3.03,31.89
정산애강,022220,5.06,2.52,28.76
GST,083450,6.46,1.23,18.46
제우스,079370,1.81,1.06,9.21
한일네트웍스,046110,5.15,1.32,12.91
유진테크,084370,4.2,1.89,12.64
대봉엘에스,078140,3.51,2.2,16.51
와이엔텍,067900,4.09,0.81,12.08
케이엠,083550,1.24,0.75,15.89
수성,084180,1.56,4.87,60.9
모다이노칩,080420,3.16,1.2,10.29
비에이치아이,083650,3,1.66,16.51
두올산업,078590,8.21,2.21,12.65
서린바이오,038070,1.94,1.74,20.8
가비아,079940,1.47,1.61,16.03
엘오티베큠,083310,4.65,2.28,22.78
이상네트웍스,080010,4.67,1.11,13.78
모두투어,080160,7.8,5.38,35.17
셀트리온,068270,3.27,6.84,78.78
옵트론텍,082210,1.46,2.09,31.28
한창산업,079170,1.8,0.71,18.05
서산,079650,2.69,1.56,12.41
미래컴퍼니,049950,6.65,6.78,74.66
아이크래프트,052460,1.97,1.15,21.7
KG모빌리언스,046440,2.77,1.11,15.7
HB테크놀러지,078150,9.92,3.16,13.28
토비스,051360,2.74,0.98,9.6
신성델타테크,065350,4.25,0.69,52.58
한국경제TV,039340,3.81,1.17,8.58
코엔텍,029960,3.18,1.89,14.25
동국알앤에스,075970,1.66,0.62,24.9
넥센테크,073070,2.73,3.62,33.38
아프리카TV,067160,6.38,4.42,25.26
원익QnC,074600,5.15,2.2,7.5
로체시스템즈,071280,5.95,2.51,30.07
에버다임,041440,3.28,1.31,12.55
에스텍,069510,1.36,0.87,9.54
오텍,067170,3.92,1.97,17.15
중앙백신,072020,1.23,2.24,21.82
코스온,069110,2.21,3.58,31.15
티씨케이,064760,5.26,4.05,20.3
아모텍,052710,3.68,1.64,16.52
웹젠,069080,3.07,3.03,18.05
대화제약,067080,1.83,6.09,111.22
우수AMS,066590,2.74,1.39,12.41
하츠,066130,1.53,1,19.28
탑엔지니어링,065130,1.71,0.73,11.12
엘앤에프,066970,4.19,4.57,78.63
쎌바이오텍,049960,4.33,3.68,20.4
능률교육,053290,2.57,1.12,13.25
KG이니시스,035600,5.12,1.78,39.47
국보디자인,066620,5.39,1.39,11.56
리노스,039980,4.32,1.74,42.38
토탈소프트,045340,1.7,4.4,25.25
아비코전자,036010,1.98,1.23,10.14
우원개발,046940,1.7,1.18,10.46
인선이엔티,060150,1.46,1.69,550
전파기지국,065530,2.49,1.07,12.88
알에프텍,061040,1.66,0.98,11.5
이랜텍,054210,1.22,0.71,7.85
케이피티,054410,1.3,1.29,9.9
한진피앤씨,061460,1.47,2.96,19.48
케이엘넷,039420,3.37,2.25,46.04
에스티아이,039440,7.39,3.18,12.36
KT서브마린,060370,1.29,1.03,21.53
피씨디렉트,051380,4.87,1.16,24.16
한국기업평가,034950,3.9,2.56,16.96
동양에스텍,060380,3.85,0.7,8.18
고려신용정보,049720,3.5,2.56,11.81
서울반도체,046890,1.13,1.79,30.11
미코,059090,2.91,1.62,73.96
프럼파스트,035200,2.12,1.63,15.31
대동스틸,048470,7.5,0.93,12.69
NHN한국사이버결제,060250,3.45,2.66,25.24
동아화성,041930,2.72,0.8,4.97
리노공업,058470,3.35,3.49,19.96
성우테크론,045300,4.06,0.88,9.59
에스에프에이,056190,8.4,2.66,19.64
평화정공,043370,12.6,0.64,5.79
APS홀딩스,054620,347.18,1.51,11.38
YW,051390,1.39,0.61,19.23
에이디칩스,054630,4.39,4.14,20.65
포스코켐텍,003670,4.07,1.6,20.54
지에스이,053050,5.01,0.93,9.75
코데즈컴바인,047770,1.92,4.69,81.28
안랩,053800,1.16,2.72,36.92
JYP Ent.,035900,4.3,3.75,32.4
KCC건설,021320,4.32,0.68,12.75
프로텍,053610,5.3,1.17,10.93
태양,053620,1.25,0.64,7.83
W홀딩컴퍼니,052300,6.53,1.03,7.67
유아이엘,049520,1.85,0.87,9.54
한네트,052600,1.1,1.2,18.67
에이텍,045660,5.3,1.16,8.43
SK바이오랜드,052260,2.33,2.09,21.98
대아티아이,045390,2.8,1.78,13.62
코메론,049430,1.88,0.81,7.31
로엔,016170,6.36,7.13,33.31
삼화네트웍스,046390,2.3,1.55,8.26
KCI,036670,1.94,1.8,13.13
라온시큐어,042510,2.19,8.27,59.72
오로라,039830,3.62,1.14,15.81
금화피에스시,036190,2.05,1.29,9.07
코다코,046070,3.77,1.21,12.22
인바디,041830,2.67,4.01,21.92
크린앤사이언스,045520,3.94,1.85,14.41
포스코 ICT,022100,4.76,3.1,31.44
이-글 벳,044960,1.92,1.79,25.81
엔피케이,048830,1.77,1.25,20.83
삼천당제약,000250,2.85,2.6,37.5
정원엔시스,045510,2.6,2.09,31.41
한양이엔지,045100,4.02,1.07,4.4
에쎈테크,043340,1.72,3.7,57.6
이오테크닉스,039030,2.1,3.63,60.21
서울제약,018680,1.24,2.06,104.46
텍셀네트컴,038540,8.62,2.26,6.56
오공,045060,2.9,1.07,10.83
정상제이엘에스,040420,4.09,1.79,16.01
지니뮤직,043610,1.42,3.44,28.43
진성티이씨,036890,1.85,1.79,19.18
현대통신,039010,5.81,1.71,7.44
삼아제약,009300,1.23,0.83,13.04
에스씨디,042110,2.23,1.07,14.38
디오,039840,2.06,4.64,24.67
안국약품,001540,1.39,1.04,90.15
세중,039310,3.12,0.89,8.76
HRS,036640,2.56,0.97,18.19
에스에이엠티,031330,2.83,1.23,4.92
NICE평가정보,030190,5.62,3.31,18.15
나이스정보통신,036800,3.9,1.64,8.51
쎄니트,037760,2.14,1.18,10.63
제이콘텐트리,036420,4.1,5.36,23.64
케이엠더블유,032500,7.87,4.55,60.66
화성,039610,1.5,0.75,21.76
경남스틸,039240,1.32,0.69,63.39
레드캡투어,038390,2.08,1.06,13.3
GS홈쇼핑,028150,2.83,1.41,13.99
솔브레인,036830,2.06,2.11,16.19
에프에스티,036810,2.92,1.13,15.26
코맥스,036690,2.92,1.7,11.04
EG,037370,1.1,1.2,72.84
성도이엔지,037350,1.78,0.55,4.24
무림SP,001810,1.76,0.43,30.64
이테크건설,016250,4.59,1.68,11.22
서희건설,035890,3.08,0.92,7.57
주성엔지니어링,036930,9.03,4.11,18.64
다우데이타,032190,2.89,1.05,20.22
동진쎄미켐,005290,5.21,3.72,27.09
씨티엘,036170,1.05,1.1,121.6
한국팩키지,037230,2.14,1.53,19.84
삼지전자,037460,2.1,0.94,6.27
SK머티리얼즈,036490,5.87,4.93,19.16
유니셈,036200,6.25,3.23,35.62
유성티엔에스,024800,1.81,0.59,9.54
예림당,036000,9.15,2.62,44.23
CJ오쇼핑,035760,3.13,1.27,51.21
이지바이오,035810,3.98,1.17,15.88
카카오,035720,1.56,1.96,113.96
바른손이앤에이,035620,11.75,4.94,5.7
신일제약,012790,2.54,1.26,11.49
동국산업,005160,1.88,0.67,10.35
매일유업,005990,1.12,0.96,10.27
한국정보통신,025770,5.04,3.07,16.16
파라텍,033540,3.41,1.05,23.06
디케이디앤아이,033310,2.7,1.1,11.13
엠케이전자,033160,2.48,0.85,9.9
제이씨현시스템,033320,3.48,1.98,30.57
포스코엠텍,009520,2.54,1.45,35.67
스페코,013810,1.22,1.71,16.69
코웰패션,033290,6.83,2.69,17.93
코콤,015710,2.71,1.61,22.09
디지틀조선,033130,2.42,1.34,18.92
와이지-원,019210,1.54,1.21,17.55
하림홀딩스,024660,2.68,1.09,12.66
아이즈비전,031310,1.49,0.83,15.25
동일기연,032960,1.46,0.87,13.87
원익,032940,2.26,0.74,1.11
유비케어,032620,2.59,3.09,28.81
피에스케이,031980,4.3,1.86,18.79
세보엠이씨,011560,5.31,0.98,8.46
원익홀딩스,030530,2.53,1,2.72
한글과컴퓨터,030520,4.42,2.34,26.32
대호피앤씨,021040,6.82,1.52,11.3
삼목에스폼,018310,2.8,0.73,4.63
에이스침대,003800,1.72,0.9,12.82
리드코프,012700,3.24,0.71,6.19
에머슨퍼시픽,025980,2.18,1.71,19.86
성우하이텍,015750,2.62,0.51,14.21
동신건설,025950,4.05,0.74,9.91
동화기업,025900,2.28,0.82,13.79
케이씨피드,025880,2.3,0.81,50
한탑,002680,1.4,0.9,57.24
한국선재,025550,2.1,0.96,32.84
대성엘텍,025440,2.47,2.75,68.25
시노펙스,025320,3.98,1.61,27.39
삼천리자전거,024950,1.6,1.37,20.16
보령메디앙스,014100,1.6,3.29,51.91
갑을메탈,024840,3.89,1.45,21.21
경창산업,024910,1.02,0.63,11.65
대륙제관,004780,2.32,1.21,7.75
동원개발,013120,4.38,0.88,4.55
케이피에프,024880,1.91,0.5,15.37
KB오토시스,024120,2,1.07,5.75
신원종합개발,017000,2.96,1.51,32.74
대한약품,023910,5.67,2.08,10.94
아트라스BX,023890,2.19,0.94,9.82
풍국주정,023900,2.36,0.84,9.97
한일사료,005860,2.65,1.62,41.33
CNH,023460,1.2,0.56,18.18
유진기업,023410,1.82,0.64,7.35
신라섬유,001000,1.05,3.73,190.91
원일특강,012620,1.67,0.5,9.16
서한,011370,6.93,1.12,3.67
진로발효,018120,2.6,2.94,13.72
푸른저축은행,007330,2.31,0.45,4.64
피제이전자,006140,1.73,0.85,10.7
엠에스씨,009780,2.96,1.86,11.22
대원산업,005710,3,0.65,3.38
큐캐피탈,016600,1.65,1.4,32.79
한국가구,004590,1.49,0.81,11.57
포비스티앤씨,016670,1.19,1.36,34.73
삼륭물산,014970,2.31,1.2,8.65
경동제약,011040,3.02,1.11,14.89
한일화학,007770,1.56,0.59,16.34
한국알콜,017890,1.83,0.74,6.2
세명전기,017510,1.39,1.26,25.36
피에스텍,002230,1.32,0.75,22.32
하이록코리아,013030,1.45,1.11,11.27
SBI인베스트먼트,019550,1.14,1.25,34.26
